cvg,mae,timestamp,checkpoint_dir_name,done,training_iteration,date,time_this_iter_s,time_total_s,pid,hostname,node_ip,time_since_restore,iterations_since_restore,experiment_tag,config/a,config/b,config/c,config/tau,config/E,config/T,config/dist_type,config/gene_process,config/mode,config/r,config/n_clients,config/n_sim,config/base_seed
0.77,0.06746704910526934,1746065959,,True,1,2025-05-01_02-19-19,2.5792901515960693,2.5792901515960693,2314050,qMxak3,172.17.0.3,2.5792901515960693,1,"11_E=log,T=1000,a=0.8000,c=1,tau=0.3000",0.8,0,1,0.3,log,1000,normal,hete,federated,0.25,10,100,2025
1.0,0.036570135041320125,1746065945,,True,1,2025-05-01_02-19-05,3.8992061614990234,3.8992061614990234,2302412,qMxak3,172.17.0.3,3.8992061614990234,1,"1_E=5,T=1000,a=0.5100,c=1,tau=0.3000",0.51,0,1,0.3,5,1000,normal,hete,federated,0.25,10,100,2025
1.0,0.039329668622819634,1746065946,,True,1,2025-05-01_02-19-06,4.681949138641357,4.681949138641357,2302408,qMxak3,172.17.0.3,4.681949138641357,1,"2_E=log,T=1000,a=0.5100,c=1,tau=0.3000",0.51,0,1,0.3,log,1000,normal,hete,federated,0.25,10,100,2025
1.0,0.05015659713904505,1746065955,,True,1,2025-05-01_02-19-15,3.4956448078155518,3.4956448078155518,2308872,qMxak3,172.17.0.3,3.4956448078155518,1,"7_E=5,T=1000,a=0.7000,c=1,tau=0.3000",0.7,0,1,0.3,5,1000,normal,hete,federated,0.25,10,100,2025
0.53,0.3105903853173474,1746065946,,True,1,2025-05-01_02-19-06,0.545914888381958,0.545914888381958,2305161,qMxak3,172.17.0.3,0.545914888381958,1,"3_E=1,T=1000,a=0.6000,c=1,tau=0.3000",0.6,0,1,0.3,1,1000,normal,hete,federated,0.25,10,100,2025
0.88,0.05728488362638959,1746065956,,True,1,2025-05-01_02-19-16,4.290499925613403,4.290499925613403,2308878,qMxak3,172.17.0.3,4.290499925613403,1,"8_E=log,T=1000,a=0.7000,c=1,tau=0.3000",0.7,0,1,0.3,log,1000,normal,hete,federated,0.25,10,100,2025
0.99,0.04695023341380816,1746065950,,True,1,2025-05-01_02-19-10,2.8778927326202393,2.8778927326202393,2307453,qMxak3,172.17.0.3,2.8778927326202393,1,"5_E=log,T=1000,a=0.6000,c=1,tau=0.3000",0.6,0,1,0.3,log,1000,normal,hete,federated,0.25,10,100,2025
1.0,0.042006552127894115,1746065950,,True,1,2025-05-01_02-19-10,2.90160870552063,2.90160870552063,2306316,qMxak3,172.17.0.3,2.90160870552063,1,"4_E=5,T=1000,a=0.6000,c=1,tau=0.3000",0.6,0,1,0.3,5,1000,normal,hete,federated,0.25,10,100,2025
0.0,0.6043120730091737,1746065955,,True,1,2025-05-01_02-19-15,1.9495840072631836,1.9495840072631836,2312142,qMxak3,172.17.0.3,1.9495840072631836,1,"9_E=1,T=1000,a=0.8000,c=1,tau=0.3000",0.8,0,1,0.3,1,1000,normal,hete,federated,0.25,10,100,2025
0.95,0.057960888550818136,1746065959,,True,1,2025-05-01_02-19-19,2.337193727493286,2.337193727493286,2313894,qMxak3,172.17.0.3,2.337193727493286,1,"10_E=5,T=1000,a=0.8000,c=1,tau=0.3000",0.8,0,1,0.3,5,1000,normal,hete,federated,0.25,10,100,2025
1.0,0.19502500895381483,1746065944,,True,1,2025-05-01_02-19-04,2.7997279167175293,2.7997279167175293,2302415,qMxak3,172.17.0.3,2.7997279167175293,1,"0_E=1,T=1000,a=0.5100,c=1,tau=0.3000",0.51,0,1,0.3,1,1000,normal,hete,federated,0.25,10,100,2025
0.0,0.4625868683654277,1746065950,,True,1,2025-05-01_02-19-10,1.0690698623657227,1.0690698623657227,2307706,qMxak3,172.17.0.3,1.0690698623657227,1,"6_E=1,T=1000,a=0.7000,c=1,tau=0.3000",0.7,0,1,0.3,1,1000,normal,hete,federated,0.25,10,100,2025
0.0,0.7185482891299338,1746065960,,True,1,2025-05-01_02-19-20,1.1769254207611084,1.1769254207611084,2319262,qMxak3,172.17.0.3,1.1769254207611084,1,"12_E=1,T=1000,a=0.9000,c=1,tau=0.3000",0.9,0,1,0.3,1,1000,normal,hete,federated,0.25,10,100,2025
0.7,0.07605486035211212,1746065966,,True,1,2025-05-01_02-19-26,3.5544815063476562,3.5544815063476562,2322397,qMxak3,172.17.0.3,3.5544815063476562,1,"14_E=log,T=1000,a=0.9000,c=1,tau=0.3000",0.9,0,1,0.3,log,1000,normal,hete,federated,0.25,10,100,2025
0.84,0.06444141648349017,1746065965,,True,1,2025-05-01_02-19-25,2.6595470905303955,2.6595470905303955,2322366,qMxak3,172.17.0.3,2.6595470905303955,1,"13_E=5,T=1000,a=0.9000,c=1,tau=0.3000",0.9,0,1,0.3,5,1000,normal,hete,federated,0.25,10,100,2025
0.0,0.7974193335615536,1746065964,,True,1,2025-05-01_02-19-24,1.8092875480651855,1.8092875480651855,2322601,qMxak3,172.17.0.3,1.8092875480651855,1,"15_E=1,T=1000,a=0.9900,c=1,tau=0.3000",0.99,0,1,0.3,1,1000,normal,hete,federated,0.25,10,100,2025
1.0,0.19018787855547806,1746065974,,True,1,2025-05-01_02-19-34,1.9986982345581055,1.9986982345581055,2328338,qMxak3,172.17.0.3,1.9986982345581055,1,"21_E=1,T=1000,a=0.6000,c=2,tau=0.3000",0.6,0,2,0.3,1,1000,normal,hete,federated,0.25,10,100,2025
0.8,0.06879356486134604,1746065970,,True,1,2025-05-01_02-19-30,3.1619713306427,3.1619713306427,2326567,qMxak3,172.17.0.3,3.1619713306427,1,"16_E=5,T=1000,a=0.9900,c=1,tau=0.3000",0.99,0,1,0.3,5,1000,normal,hete,federated,0.25,10,100,2025
1.0,0.12144828492062462,1746065969,,True,1,2025-05-01_02-19-29,1.198194980621338,1.198194980621338,2327263,qMxak3,172.17.0.3,1.198194980621338,1,"18_E=1,T=1000,a=0.5100,c=2,tau=0.3000",0.51,0,2,0.3,1,1000,normal,hete,federated,0.25,10,100,2025
0.65,0.08209122746029571,1746065970,,True,1,2025-05-01_02-19-30,3.381413698196411,3.381413698196411,2326549,qMxak3,172.17.0.3,3.381413698196411,1,"17_E=log,T=1000,a=0.9900,c=1,tau=0.3000",0.99,0,1,0.3,log,1000,normal,hete,federated,0.25,10,100,2025
1.0,0.043662880271508324,1746065975,,True,1,2025-05-01_02-19-35,3.067563056945801,3.067563056945801,2328353,qMxak3,172.17.0.3,3.067563056945801,1,"19_E=5,T=1000,a=0.5100,c=2,tau=0.3000",0.51,0,2,0.3,5,1000,normal,hete,federated,0.25,10,100,2025
1.0,0.04960406284664451,1746065975,,True,1,2025-05-01_02-19-35,3.4477345943450928,3.4477345943450928,2328345,qMxak3,172.17.0.3,3.4477345943450928,1,"20_E=log,T=1000,a=0.5100,c=2,tau=0.3000",0.51,0,2,0.3,log,1000,normal,hete,federated,0.25,10,100,2025
1.0,0.056582422929749264,1746065980,,True,1,2025-05-01_02-19-40,3.9516594409942627,3.9516594409942627,2337355,qMxak3,172.17.0.3,3.9516594409942627,1,"23_E=log,T=1000,a=0.6000,c=2,tau=0.3000",0.6,0,2,0.3,log,1000,normal,hete,federated,0.25,10,100,2025
0.0,0.549383867638012,1746065984,,True,1,2025-05-01_02-19-44,2.2293779850006104,2.2293779850006104,2340739,qMxak3,172.17.0.3,2.2293779850006104,1,"27_E=1,T=1000,a=0.8000,c=2,tau=0.3000",0.8,0,2,0.3,1,1000,normal,hete,federated,0.25,10,100,2025
1.0,0.07217494541813811,1746065985,,True,1,2025-05-01_02-19-45,3.763587713241577,3.763587713241577,2340614,qMxak3,172.17.0.3,3.763587713241577,1,"26_E=log,T=1000,a=0.7000,c=2,tau=0.3000",0.7,0,2,0.3,log,1000,normal,hete,federated,0.25,10,100,2025
1.0,0.05058981785890117,1746065984,,True,1,2025-05-01_02-19-44,2.826323986053467,2.826323986053467,2340637,qMxak3,172.17.0.3,2.826323986053467,1,"25_E=5,T=1000,a=0.7000,c=2,tau=0.3000",0.7,0,2,0.3,5,1000,normal,hete,federated,0.25,10,100,2025
1.0,0.04510290052260006,1746065980,,True,1,2025-05-01_02-19-40,3.4667410850524902,3.4667410850524902,2337354,qMxak3,172.17.0.3,3.4667410850524902,1,"22_E=5,T=1000,a=0.6000,c=2,tau=0.3000",0.6,0,2,0.3,5,1000,normal,hete,federated,0.25,10,100,2025
0.96,0.3438826770317471,1746065980,,True,1,2025-05-01_02-19-40,2.0213449001312256,2.0213449001312256,2338550,qMxak3,172.17.0.3,2.0213449001312256,1,"24_E=1,T=1000,a=0.7000,c=2,tau=0.3000",0.7,0,2,0.3,1,1000,normal,hete,federated,0.25,10,100,2025
1.0,0.059630278591541186,1746065988,,True,1,2025-05-01_02-19-48,1.8734626770019531,1.8734626770019531,2348989,qMxak3,172.17.0.3,1.8734626770019531,1,"28_E=5,T=1000,a=0.8000,c=2,tau=0.3000",0.8,0,2,0.3,5,1000,normal,hete,federated,0.25,10,100,2025
0.98,0.06999920634711537,1746065994,,True,1,2025-05-01_02-19-54,2.8451387882232666,2.8451387882232666,2351267,qMxak3,172.17.0.3,2.8451387882232666,1,"31_E=5,T=1000,a=0.9000,c=2,tau=0.3000",0.9,0,2,0.3,5,1000,normal,hete,federated,0.25,10,100,2025
0.72,0.09389669501804337,1746065989,,True,1,2025-05-01_02-19-49,2.8377013206481934,2.8377013206481934,2348971,qMxak3,172.17.0.3,2.8377013206481934,1,"29_E=log,T=1000,a=0.8000,c=2,tau=0.3000",0.8,0,2,0.3,log,1000,normal,hete,federated,0.25,10,100,2025
0.0,0.9200452881424985,1746065993,,True,1,2025-05-01_02-19-53,2.0095131397247314,2.0095131397247314,2351214,qMxak3,172.17.0.3,2.0095131397247314,1,"33_E=1,T=1000,a=0.9900,c=2,tau=0.3000",0.99,0,2,0.3,1,1000,normal,hete,federated,0.25,10,100,2025
0.0,0.7570075064762036,1746065989,,True,1,2025-05-01_02-19-49,1.0573127269744873,1.0573127269744873,2350079,qMxak3,172.17.0.3,1.0573127269744873,1,"30_E=1,T=1000,a=0.9000,c=2,tau=0.3000",0.9,0,2,0.3,1,1000,normal,hete,federated,0.25,10,100,2025
0.38,0.11658936192705072,1746065994,,True,1,2025-05-01_02-19-54,3.2477786540985107,3.2477786540985107,2351240,qMxak3,172.17.0.3,3.2477786540985107,1,"32_E=log,T=1000,a=0.9000,c=2,tau=0.3000",0.9,0,2,0.3,log,1000,normal,hete,federated,0.25,10,100,2025
0.94,0.07878387824615402,1746065999,,True,1,2025-05-01_02-19-59,3.4490551948547363,3.4490551948547363,2357522,qMxak3,172.17.0.3,3.4490551948547363,1,"34_E=5,T=1000,a=0.9900,c=2,tau=0.3000",0.99,0,2,0.3,5,1000,normal,hete,federated,0.25,10,100,2025
1.0,0.05780398674588626,1746066005,,True,1,2025-05-01_02-20-05,3.9025630950927734,3.9025630950927734,2360219,qMxak3,172.17.0.3,3.9025630950927734,1,"38_E=log,T=1000,a=0.5100,c=3,tau=0.3000",0.51,0,3,0.3,log,1000,normal,hete,federated,0.25,10,100,2025
1.0,0.1444727807239151,1746066004,,True,1,2025-05-01_02-20-04,1.4866588115692139,1.4866588115692139,2365860,qMxak3,172.17.0.3,1.4866588115692139,1,"39_E=1,T=1000,a=0.6000,c=3,tau=0.3000",0.6,0,3,0.3,1,1000,normal,hete,federated,0.25,10,100,2025
1.0,0.05231377632247729,1746066004,,True,1,2025-05-01_02-20-04,3.426131248474121,3.426131248474121,2360180,qMxak3,172.17.0.3,3.426131248474121,1,"37_E=5,T=1000,a=0.5100,c=3,tau=0.3000",0.51,0,3,0.3,5,1000,normal,hete,federated,0.25,10,100,2025
1.0,0.10592534842144911,1746065998,,True,1,2025-05-01_02-19-58,1.6939170360565186,1.6939170360565186,2358499,qMxak3,172.17.0.3,1.6939170360565186,1,"36_E=1,T=1000,a=0.5100,c=3,tau=0.3000",0.51,0,3,0.3,1,1000,normal,hete,federated,0.25,10,100,2025
0.25,0.13505126089929753,1746066000,,True,1,2025-05-01_02-20-00,4.17746376991272,4.17746376991272,2357521,qMxak3,172.17.0.3,4.17746376991272,1,"35_E=log,T=1000,a=0.9900,c=2,tau=0.3000",0.99,0,2,0.3,log,1000,normal,hete,federated,0.25,10,100,2025
1.0,0.05408409353009086,1746066013,,True,1,2025-05-01_02-20-13,2.152735710144043,2.152735710144043,2376618,qMxak3,172.17.0.3,2.152735710144043,1,"43_E=5,T=1000,a=0.7000,c=3,tau=0.3000",0.7,0,3,0.3,5,1000,normal,hete,federated,0.25,10,100,2025
1.0,0.25515438787236333,1746066008,,True,1,2025-05-01_02-20-08,2.3806838989257812,2.3806838989257812,2368276,qMxak3,172.17.0.3,2.3806838989257812,1,"42_E=1,T=1000,a=0.7000,c=3,tau=0.3000",0.7,0,3,0.3,1,1000,normal,hete,federated,0.25,10,100,2025
0.65,0.4662625965772226,1746066014,,True,1,2025-05-01_02-20-14,1.0996034145355225,1.0996034145355225,2377683,qMxak3,172.17.0.3,1.0996034145355225,1,"45_E=1,T=1000,a=0.8000,c=3,tau=0.3000",0.8,0,3,0.3,1,1000,normal,hete,federated,0.25,10,100,2025
1.0,0.07264204578039324,1746066013,,True,1,2025-05-01_02-20-13,2.4126412868499756,2.4126412868499756,2376622,qMxak3,172.17.0.3,2.4126412868499756,1,"44_E=log,T=1000,a=0.7000,c=3,tau=0.3000",0.7,0,3,0.3,log,1000,normal,hete,federated,0.25,10,100,2025
1.0,0.06111826845601982,1746066010,,True,1,2025-05-01_02-20-10,3.847902774810791,3.847902774810791,2368250,qMxak3,172.17.0.3,3.847902774810791,1,"41_E=log,T=1000,a=0.6000,c=3,tau=0.3000",0.6,0,3,0.3,log,1000,normal,hete,federated,0.25,10,100,2025
1.0,0.05212942176192631,1746066009,,True,1,2025-05-01_02-20-09,2.899522542953491,2.899522542953491,2368247,qMxak3,172.17.0.3,2.899522542953491,1,"40_E=5,T=1000,a=0.6000,c=3,tau=0.3000",0.6,0,3,0.3,5,1000,normal,hete,federated,0.25,10,100,2025
0.98,0.07221920426270217,1746066023,,True,1,2025-05-01_02-20-23,3.465546131134033,3.465546131134033,2383412,qMxak3,172.17.0.3,3.465546131134033,1,"49_E=5,T=1000,a=0.9000,c=3,tau=0.3000",0.9,0,3,0.3,5,1000,normal,hete,federated,0.25,10,100,2025
0.55,0.12357251980934349,1746066023,,True,1,2025-05-01_02-20-23,3.245952844619751,3.245952844619751,2383956,qMxak3,172.17.0.3,3.245952844619751,1,"50_E=log,T=1000,a=0.9000,c=3,tau=0.3000",0.9,0,3,0.3,log,1000,normal,hete,federated,0.25,10,100,2025
1.0,0.06140361111933361,1746066017,,True,1,2025-05-01_02-20-17,2.1253700256347656,2.1253700256347656,2378583,qMxak3,172.17.0.3,2.1253700256347656,1,"46_E=5,T=1000,a=0.8000,c=3,tau=0.3000",0.8,0,3,0.3,5,1000,normal,hete,federated,0.25,10,100,2025
0.0,0.9707625478331577,1746066022,,True,1,2025-05-01_02-20-22,1.8005900382995605,1.8005900382995605,2383994,qMxak3,172.17.0.3,1.8005900382995605,1,"51_E=1,T=1000,a=0.9900,c=3,tau=0.3000",0.99,0,3,0.3,1,1000,normal,hete,federated,0.25,10,100,2025
0.0,0.7329549680381902,1746066018,,True,1,2025-05-01_02-20-18,1.0513246059417725,1.0513246059417725,2381261,qMxak3,172.17.0.3,1.0513246059417725,1,"48_E=1,T=1000,a=0.9000,c=3,tau=0.3000",0.9,0,3,0.3,1,1000,normal,hete,federated,0.25,10,100,2025
0.98,0.09454527434664567,1746066017,,True,1,2025-05-01_02-20-17,2.5272157192230225,2.5272157192230225,2378642,qMxak3,172.17.0.3,2.5272157192230225,1,"47_E=log,T=1000,a=0.8000,c=3,tau=0.3000",0.8,0,3,0.3,log,1000,normal,hete,federated,0.25,10,100,2025
1.0,0.063182430459113,1746066032,,True,1,2025-05-01_02-20-32,2.000980854034424,2.000980854034424,2392846,qMxak3,172.17.0.3,2.000980854034424,1,"55_E=5,T=1000,a=0.5100,c=4,tau=0.3000",0.51,0,4,0.3,5,1000,normal,hete,federated,0.25,10,100,2025
1.0,0.12987675381913422,1746066032,,True,1,2025-05-01_02-20-32,0.49506449699401855,0.49506449699401855,2397003,qMxak3,172.17.0.3,0.49506449699401855,1,"57_E=1,T=1000,a=0.6000,c=4,tau=0.3000",0.6,0,4,0.3,1,1000,normal,hete,federated,0.25,10,100,2025
0.25,0.1508595281882412,1746066029,,True,1,2025-05-01_02-20-29,4.077439308166504,4.077439308166504,2389152,qMxak3,172.17.0.3,4.077439308166504,1,"53_E=log,T=1000,a=0.9900,c=3,tau=0.3000",0.99,0,3,0.3,log,1000,normal,hete,federated,0.25,10,100,2025
1.0,0.10492846510136278,1746066027,,True,1,2025-05-01_02-20-27,1.7505764961242676,1.7505764961242676,2389450,qMxak3,172.17.0.3,1.7505764961242676,1,"54_E=1,T=1000,a=0.5100,c=4,tau=0.3000",0.51,0,4,0.3,1,1000,normal,hete,federated,0.25,10,100,2025
1.0,0.07044005717832563,1746066033,,True,1,2025-05-01_02-20-33,2.8537259101867676,2.8537259101867676,2392870,qMxak3,172.17.0.3,2.8537259101867676,1,"56_E=log,T=1000,a=0.5100,c=4,tau=0.3000",0.51,0,4,0.3,log,1000,normal,hete,federated,0.25,10,100,2025
1.0,0.0626054374504772,1746066036,,True,1,2025-05-01_02-20-36,2.5756871700286865,2.5756871700286865,2397364,qMxak3,172.17.0.3,2.5756871700286865,1,"58_E=5,T=1000,a=0.6000,c=4,tau=0.3000",0.6,0,4,0.3,5,1000,normal,hete,federated,0.25,10,100,2025
1.0,0.07120515249910922,1746066037,,True,1,2025-05-01_02-20-37,3.629159450531006,3.629159450531006,2397435,qMxak3,172.17.0.3,3.629159450531006,1,"59_E=log,T=1000,a=0.6000,c=4,tau=0.3000",0.6,0,4,0.3,log,1000,normal,hete,federated,0.25,10,100,2025
0.97,0.08256438350960212,1746066028,,True,1,2025-05-01_02-20-28,3.346266508102417,3.346266508102417,2389108,qMxak3,172.17.0.3,3.346266508102417,1,"52_E=5,T=1000,a=0.9900,c=3,tau=0.3000",0.99,0,3,0.3,5,1000,normal,hete,federated,0.25,10,100,2025
1.0,0.2068544177880618,1746066036,,True,1,2025-05-01_02-20-36,2.145319700241089,2.145319700241089,2397630,qMxak3,172.17.0.3,2.145319700241089,1,"60_E=1,T=1000,a=0.7000,c=4,tau=0.3000",0.7,0,4,0.3,1,1000,normal,hete,federated,0.25,10,100,2025
1.0,0.3946936617317347,1746066041,,True,1,2025-05-01_02-20-41,1.6638824939727783,1.6638824939727783,2406196,qMxak3,172.17.0.3,1.6638824939727783,1,"63_E=1,T=1000,a=0.8000,c=4,tau=0.3000",0.8,0,4,0.3,1,1000,normal,hete,federated,0.25,10,100,2025
1.0,0.06253716150873125,1746066042,,True,1,2025-05-01_02-20-42,2.9900906085968018,2.9900906085968018,2406092,qMxak3,172.17.0.3,2.9900906085968018,1,"61_E=5,T=1000,a=0.7000,c=4,tau=0.3000",0.7,0,4,0.3,5,1000,normal,hete,federated,0.25,10,100,2025
1.0,0.0957520216976381,1746066048,,True,1,2025-05-01_02-20-48,3.605694532394409,3.605694532394409,2410816,qMxak3,172.17.0.3,3.605694532394409,1,"65_E=log,T=1000,a=0.8000,c=4,tau=0.3000",0.8,0,4,0.3,log,1000,normal,hete,federated,0.25,10,100,2025
1.0,0.07778981749392272,1746066043,,True,1,2025-05-01_02-20-43,3.6211721897125244,3.6211721897125244,2406130,qMxak3,172.17.0.3,3.6211721897125244,1,"62_E=log,T=1000,a=0.7000,c=4,tau=0.3000",0.7,0,4,0.3,log,1000,normal,hete,federated,0.25,10,100,2025
1.0,0.06594920109645715,1746066047,,True,1,2025-05-01_02-20-47,2.705817222595215,2.705817222595215,2410817,qMxak3,172.17.0.3,2.705817222595215,1,"64_E=5,T=1000,a=0.8000,c=4,tau=0.3000",0.8,0,4,0.3,5,1000,normal,hete,federated,0.25,10,100,2025
0.93,0.12467188829280898,1746066054,,True,1,2025-05-01_02-20-54,4.215230703353882,4.215230703353882,2414677,qMxak3,172.17.0.3,4.215230703353882,1,"68_E=log,T=1000,a=0.9000,c=4,tau=0.3000",0.9,0,4,0.3,log,1000,normal,hete,federated,0.25,10,100,2025
0.0,0.9973328017237393,1746066052,,True,1,2025-05-01_02-20-52,1.615623950958252,1.615623950958252,2414799,qMxak3,172.17.0.3,1.615623950958252,1,"69_E=1,T=1000,a=0.9900,c=4,tau=0.3000",0.99,0,4,0.3,1,1000,normal,hete,federated,0.25,10,100,2025
0.42,0.15597857246851382,1746066058,,True,1,2025-05-01_02-20-58,2.7656705379486084,2.7656705379486084,2416738,qMxak3,172.17.0.3,2.7656705379486084,1,"71_E=log,T=1000,a=0.9900,c=4,tau=0.3000",0.99,0,4,0.3,log,1000,normal,hete,federated,0.25,10,100,2025
0.02,0.6966599517047356,1746066047,,True,1,2025-05-01_02-20-47,2.1617515087127686,2.1617515087127686,2410819,qMxak3,172.17.0.3,2.1617515087127686,1,"66_E=1,T=1000,a=0.9000,c=4,tau=0.3000",0.9,0,4,0.3,1,1000,normal,hete,federated,0.25,10,100,2025
0.98,0.08609939937782503,1746066057,,True,1,2025-05-01_02-20-57,2.094736337661743,2.094736337661743,2416812,qMxak3,172.17.0.3,2.094736337661743,1,"70_E=5,T=1000,a=0.9900,c=4,tau=0.3000",0.99,0,4,0.3,5,1000,normal,hete,federated,0.25,10,100,2025
1.0,0.07497564710156585,1746066053,,True,1,2025-05-01_02-20-53,3.3332231044769287,3.3332231044769287,2414676,qMxak3,172.17.0.3,3.3332231044769287,1,"67_E=5,T=1000,a=0.9000,c=4,tau=0.3000",0.9,0,4,0.3,5,1000,normal,hete,federated,0.25,10,100,2025
1.0,0.11513278065279618,1746066058,,True,1,2025-05-01_02-20-58,0.4513719081878662,0.4513719081878662,2421808,qMxak3,172.17.0.3,0.4513719081878662,1,"72_E=1,T=1000,a=0.5100,c=5,tau=0.3000",0.51,0,5,0.3,1,1000,normal,hete,federated,0.25,10,100,2025
1.0,0.19390816853284942,1746066066,,True,1,2025-05-01_02-21-06,1.914163589477539,1.914163589477539,2428203,qMxak3,172.17.0.3,1.914163589477539,1,"78_E=1,T=1000,a=0.7000,c=5,tau=0.3000",0.7,0,5,0.3,1,1000,normal,hete,federated,0.25,10,100,2025
1.0,0.08463551160614582,1746066067,,True,1,2025-05-01_02-21-07,3.6892576217651367,3.6892576217651367,2428189,qMxak3,172.17.0.3,3.6892576217651367,1,"77_E=log,T=1000,a=0.6000,c=5,tau=0.3000",0.6,0,5,0.3,log,1000,normal,hete,federated,0.25,10,100,2025
1.0,0.08488262086326698,1746066061,,True,1,2025-05-01_02-21-01,2.0096638202667236,2.0096638202667236,2422808,qMxak3,172.17.0.3,2.0096638202667236,1,"74_E=log,T=1000,a=0.5100,c=5,tau=0.3000",0.51,0,5,0.3,log,1000,normal,hete,federated,0.25,10,100,2025
1.0,0.1328079712718736,1746066062,,True,1,2025-05-01_02-21-02,1.3277409076690674,1.3277409076690674,2426568,qMxak3,172.17.0.3,1.3277409076690674,1,"75_E=1,T=1000,a=0.6000,c=5,tau=0.3000",0.6,0,5,0.3,1,1000,normal,hete,federated,0.25,10,100,2025
1.0,0.0744523586429677,1746066059,,True,1,2025-05-01_02-20-59,1.1757302284240723,1.1757302284240723,2421816,qMxak3,172.17.0.3,1.1757302284240723,1,"73_E=5,T=1000,a=0.5100,c=5,tau=0.3000",0.51,0,5,0.3,5,1000,normal,hete,federated,0.25,10,100,2025
1.0,0.07330392895219431,1746066062,,True,1,2025-05-01_02-21-02,1.2364683151245117,1.2364683151245117,2426572,qMxak3,172.17.0.3,1.2364683151245117,1,"76_E=5,T=1000,a=0.6000,c=5,tau=0.3000",0.6,0,5,0.3,5,1000,normal,hete,federated,0.25,10,100,2025
1.0,0.08794393688860526,1746066071,,True,1,2025-05-01_02-21-11,3.0252087116241455,3.0252087116241455,2433278,qMxak3,172.17.0.3,3.0252087116241455,1,"80_E=log,T=1000,a=0.7000,c=5,tau=0.3000",0.7,0,5,0.3,log,1000,normal,hete,federated,0.25,10,100,2025
1.0,0.3709647884535898,1746066069,,True,1,2025-05-01_02-21-09,0.9680156707763672,0.9680156707763672,2433272,qMxak3,172.17.0.3,0.9680156707763672,1,"81_E=1,T=1000,a=0.8000,c=5,tau=0.3000",0.8,0,5,0.3,1,1000,normal,hete,federated,0.25,10,100,2025
0.31,0.7023336924762178,1746066074,,True,1,2025-05-01_02-21-14,1.8934552669525146,1.8934552669525146,2434635,qMxak3,172.17.0.3,1.8934552669525146,1,"84_E=1,T=1000,a=0.9000,c=5,tau=0.3000",0.9,0,5,0.3,1,1000,normal,hete,federated,0.25,10,100,2025
1.0,0.07435414434607081,1746066071,,True,1,2025-05-01_02-21-11,1.3909494876861572,1.3909494876861572,2434301,qMxak3,172.17.0.3,1.3909494876861572,1,"82_E=5,T=1000,a=0.8000,c=5,tau=0.3000",0.8,0,5,0.3,5,1000,normal,hete,federated,0.25,10,100,2025
1.0,0.1012852311448211,1746066075,,True,1,2025-05-01_02-21-15,3.217564821243286,3.217564821243286,2434629,qMxak3,172.17.0.3,3.217564821243286,1,"83_E=log,T=1000,a=0.8000,c=5,tau=0.3000",0.8,0,5,0.3,log,1000,normal,hete,federated,0.25,10,100,2025
1.0,0.07245770013965268,1746066067,,True,1,2025-05-01_02-21-07,2.9299166202545166,2.9299166202545166,2428204,qMxak3,172.17.0.3,2.9299166202545166,1,"79_E=5,T=1000,a=0.7000,c=5,tau=0.3000",0.7,0,5,0.3,5,1000,normal,hete,federated,0.25,10,100,2025
1.0,0.09147164038584098,1746066080,,True,1,2025-05-01_02-21-20,2.5066945552825928,2.5066945552825928,2443630,qMxak3,172.17.0.3,2.5066945552825928,1,"88_E=5,T=1000,a=0.9900,c=5,tau=0.3000",0.99,0,5,0.3,5,1000,normal,hete,federated,0.25,10,100,2025
1.0,0.09868986904284315,1746066081,,True,1,2025-05-01_02-21-21,0.4841597080230713,0.4841597080230713,2444013,qMxak3,172.17.0.3,0.4841597080230713,1,"90_E=1,T=1000,a=0.5100,c=1,tau=0.5000",0.51,0,1,0.5,1,1000,normal,hete,federated,0.25,10,100,2025
1.0,0.03410432691305201,1746066086,,True,1,2025-05-01_02-21-26,2.777681589126587,2.777681589126587,2449894,qMxak3,172.17.0.3,2.777681589126587,1,"91_E=5,T=1000,a=0.5100,c=1,tau=0.5000",0.51,0,1,0.5,5,1000,normal,hete,federated,0.25,10,100,2025
0.0,1.0765504923775424,1746066076,,True,1,2025-05-01_02-21-16,0.5104031562805176,0.5104031562805176,2439302,qMxak3,172.17.0.3,0.5104031562805176,1,"87_E=1,T=1000,a=0.9900,c=5,tau=0.3000",0.99,0,5,0.3,1,1000,normal,hete,federated,0.25,10,100,2025
0.67,0.16154226615864972,1746066081,,True,1,2025-05-01_02-21-21,2.492802381515503,2.492802381515503,2443632,qMxak3,172.17.0.3,2.492802381515503,1,"89_E=log,T=1000,a=0.9900,c=5,tau=0.3000",0.99,0,5,0.3,log,1000,normal,hete,federated,0.25,10,100,2025
1.0,0.08156800422813784,1746066074,,True,1,2025-05-01_02-21-14,2.622650623321533,2.622650623321533,2434633,qMxak3,172.17.0.3,2.622650623321533,1,"85_E=5,T=1000,a=0.9000,c=5,tau=0.3000",0.9,0,5,0.3,5,1000,normal,hete,federated,0.25,10,100,2025
0.99,0.12777542648744677,1746066078,,True,1,2025-05-01_02-21-18,1.8982717990875244,1.8982717990875244,2439162,qMxak3,172.17.0.3,1.8982717990875244,1,"86_E=log,T=1000,a=0.9000,c=5,tau=0.3000",0.9,0,5,0.3,log,1000,normal,hete,federated,0.25,10,100,2025
1.0,0.034329226375309656,1746066087,,True,1,2025-05-01_02-21-27,3.7697291374206543,3.7697291374206543,2449899,qMxak3,172.17.0.3,3.7697291374206543,1,"92_E=log,T=1000,a=0.5100,c=1,tau=0.5000",0.51,0,1,0.5,log,1000,normal,hete,federated,0.25,10,100,2025
1.0,0.1634666246046194,1746066085,,True,1,2025-05-01_02-21-25,2.306330442428589,2.306330442428589,2449886,qMxak3,172.17.0.3,2.306330442428589,1,"93_E=1,T=1000,a=0.6000,c=1,tau=0.5000",0.6,0,1,0.5,1,1000,normal,hete,federated,0.25,10,100,2025
0.22,0.26635623024804184,1746066091,,True,1,2025-05-01_02-21-31,0.49163031578063965,0.49163031578063965,2454985,qMxak3,172.17.0.3,0.49163031578063965,1,"96_E=1,T=1000,a=0.7000,c=1,tau=0.5000",0.7,0,1,0.5,1,1000,normal,hete,federated,0.25,10,100,2025
0.92,0.05601559989039313,1746066096,,True,1,2025-05-01_02-21-36,3.941657066345215,3.941657066345215,2455383,qMxak3,172.17.0.3,3.941657066345215,1,"98_E=log,T=1000,a=0.7000,c=1,tau=0.5000",0.7,0,1,0.5,log,1000,normal,hete,federated,0.25,10,100,2025
1.0,0.041370635649881346,1746066089,,True,1,2025-05-01_02-21-29,1.774439811706543,1.774439811706543,2454130,qMxak3,172.17.0.3,1.774439811706543,1,"94_E=5,T=1000,a=0.6000,c=1,tau=0.5000",0.6,0,1,0.5,5,1000,normal,hete,federated,0.25,10,100,2025
0.0,0.37899430090242925,1746066094,,True,1,2025-05-01_02-21-34,1.3656983375549316,1.3656983375549316,2460082,qMxak3,172.17.0.3,1.3656983375549316,1,"99_E=1,T=1000,a=0.8000,c=1,tau=0.5000",0.8,0,1,0.5,1,1000,normal,hete,federated,0.25,10,100,2025
1.0,0.04311344520222235,1746066090,,True,1,2025-05-01_02-21-30,2.664090156555176,2.664090156555176,2454135,qMxak3,172.17.0.3,2.664090156555176,1,"95_E=log,T=1000,a=0.6000,c=1,tau=0.5000",0.6,0,1,0.5,log,1000,normal,hete,federated,0.25,10,100,2025
1.0,0.05264883176888929,1746066095,,True,1,2025-05-01_02-21-35,3.057502269744873,3.057502269744873,2455381,qMxak3,172.17.0.3,3.057502269744873,1,"97_E=5,T=1000,a=0.7000,c=1,tau=0.5000",0.7,0,1,0.5,5,1000,normal,hete,federated,0.25,10,100,2025
0.82,0.06944875182376474,1746066101,,True,1,2025-05-01_02-21-41,3.6372628211975098,3.6372628211975098,2465896,qMxak3,172.17.0.3,3.6372628211975098,1,"101_E=log,T=1000,a=0.8000,c=1,tau=0.5000",0.8,0,1,0.5,log,1000,normal,hete,federated,0.25,10,100,2025
0.0,0.4836059946653383,1746066100,,True,1,2025-05-01_02-21-40,2.093531847000122,2.093531847000122,2465898,qMxak3,172.17.0.3,2.093531847000122,1,"102_E=1,T=1000,a=0.9000,c=1,tau=0.5000",0.9,0,1,0.5,1,1000,normal,hete,federated,0.25,10,100,2025
0.67,0.08122686390057647,1746066105,,True,1,2025-05-01_02-21-45,3.164214611053467,3.164214611053467,2470085,qMxak3,172.17.0.3,3.164214611053467,1,"104_E=log,T=1000,a=0.9000,c=1,tau=0.5000",0.9,0,1,0.5,log,1000,normal,hete,federated,0.25,10,100,2025
0.0,0.5606345430008539,1746066105,,True,1,2025-05-01_02-21-45,0.8632462024688721,0.8632462024688721,2470796,qMxak3,172.17.0.3,0.8632462024688721,1,"105_E=1,T=1000,a=0.9900,c=1,tau=0.5000",0.99,0,1,0.5,1,1000,normal,hete,federated,0.25,10,100,2025
0.73,0.07543891469663842,1746066104,,True,1,2025-05-01_02-21-44,1.9833290576934814,1.9833290576934814,2470086,qMxak3,172.17.0.3,1.9833290576934814,1,"103_E=5,T=1000,a=0.9000,c=1,tau=0.5000",0.9,0,1,0.5,5,1000,normal,hete,federated,0.25,10,100,2025
0.88,0.06481312959833603,1746066100,,True,1,2025-05-01_02-21-40,2.703968048095703,2.703968048095703,2465895,qMxak3,172.17.0.3,2.703968048095703,1,"100_E=5,T=1000,a=0.8000,c=1,tau=0.5000",0.8,0,1,0.5,5,1000,normal,hete,federated,0.25,10,100,2025
0.61,0.08983500019670426,1746066110,,True,1,2025-05-01_02-21-50,3.4476444721221924,3.4476444721221924,2472789,qMxak3,172.17.0.3,3.4476444721221924,1,"107_E=log,T=1000,a=0.9900,c=1,tau=0.5000",0.99,0,1,0.5,log,1000,normal,hete,federated,0.25,10,100,2025
0.61,0.08325966758158568,1746066109,,True,1,2025-05-01_02-21-49,2.898733615875244,2.898733615875244,2472786,qMxak3,172.17.0.3,2.898733615875244,1,"106_E=5,T=1000,a=0.9900,c=1,tau=0.5000",0.99,0,1,0.5,5,1000,normal,hete,federated,0.25,10,100,2025
1.0,0.03008306074700755,1746066116,,True,1,2025-05-01_02-21-56,4.101671934127808,4.101671934127808,2477749,qMxak3,172.17.0.3,4.101671934127808,1,"110_E=log,T=1000,a=0.5100,c=2,tau=0.5000",0.51,0,2,0.5,log,1000,normal,hete,federated,0.25,10,100,2025
1.0,0.07094976242854838,1746066114,,True,1,2025-05-01_02-21-54,1.587146282196045,1.587146282196045,2479122,qMxak3,172.17.0.3,1.587146282196045,1,"111_E=1,T=1000,a=0.6000,c=2,tau=0.5000",0.6,0,2,0.5,1,1000,normal,hete,federated,0.25,10,100,2025
1.0,0.027697836590375394,1746066115,,True,1,2025-05-01_02-21-55,3.4282310009002686,3.4282310009002686,2477750,qMxak3,172.17.0.3,3.4282310009002686,1,"109_E=5,T=1000,a=0.5100,c=2,tau=0.5000",0.51,0,2,0.5,5,1000,normal,hete,federated,0.25,10,100,2025
1.0,0.051903504680178354,1746066109,,True,1,2025-05-01_02-21-49,1.890044927597046,1.890044927597046,2472787,qMxak3,172.17.0.3,1.890044927597046,1,"108_E=1,T=1000,a=0.5100,c=2,tau=0.5000",0.51,0,2,0.5,1,1000,normal,hete,federated,0.25,10,100,2025
1.0,0.04976042848881713,1746066123,,True,1,2025-05-01_02-22-03,2.374896764755249,2.374896764755249,2485884,qMxak3,172.17.0.3,2.374896764755249,1,"116_E=log,T=1000,a=0.7000,c=2,tau=0.5000",0.7,0,2,0.5,log,1000,normal,hete,federated,0.25,10,100,2025
1.0,0.12790953291642068,1746066119,,True,1,2025-05-01_02-21-59,1.657400131225586,1.657400131225586,2481300,qMxak3,172.17.0.3,1.657400131225586,1,"114_E=1,T=1000,a=0.7000,c=2,tau=0.5000",0.7,0,2,0.5,1,1000,normal,hete,federated,0.25,10,100,2025
1.0,0.030253159822041274,1746066119,,True,1,2025-05-01_02-21-59,2.25606632232666,2.25606632232666,2481677,qMxak3,172.17.0.3,2.25606632232666,1,"112_E=5,T=1000,a=0.6000,c=2,tau=0.5000",0.6,0,2,0.5,5,1000,normal,hete,federated,0.25,10,100,2025
1.0,0.051544612805762766,1746066129,,True,1,2025-05-01_02-22-09,2.875936985015869,2.875936985015869,2493610,qMxak3,172.17.0.3,2.875936985015869,1,"118_E=5,T=1000,a=0.8000,c=2,tau=0.5000",0.8,0,2,0.5,5,1000,normal,hete,federated,0.25,10,100,2025
1.0,0.03538796053620915,1746066120,,True,1,2025-05-01_02-22-00,3.1443889141082764,3.1443889141082764,2481299,qMxak3,172.17.0.3,3.1443889141082764,1,"113_E=log,T=1000,a=0.6000,c=2,tau=0.5000",0.6,0,2,0.5,log,1000,normal,hete,federated,0.25,10,100,2025
1.0,0.03859663210927453,1746066123,,True,1,2025-05-01_02-22-03,2.193312644958496,2.193312644958496,2485873,qMxak3,172.17.0.3,2.193312644958496,1,"115_E=5,T=1000,a=0.7000,c=2,tau=0.5000",0.7,0,2,0.5,5,1000,normal,hete,federated,0.25,10,100,2025
0.73,0.23053494127293458,1746066124,,True,1,2025-05-01_02-22-04,0.7816996574401855,0.7816996574401855,2490410,qMxak3,172.17.0.3,0.7816996574401855,1,"117_E=1,T=1000,a=0.8000,c=2,tau=0.5000",0.8,0,2,0.5,1,1000,normal,hete,federated,0.25,10,100,2025
0.89,0.0712357512663005,1746066130,,True,1,2025-05-01_02-22-10,3.752758264541626,3.752758264541626,2493584,qMxak3,172.17.0.3,3.752758264541626,1,"119_E=log,T=1000,a=0.8000,c=2,tau=0.5000",0.8,0,2,0.5,log,1000,normal,hete,federated,0.25,10,100,2025
0.44,0.1180935529630563,1746066140,,True,1,2025-05-01_02-22-20,4.032512187957764,4.032512187957764,2499878,qMxak3,172.17.0.3,4.032512187957764,1,"125_E=log,T=1000,a=0.9900,c=2,tau=0.5000",0.99,0,2,0.5,log,1000,normal,hete,federated,0.25,10,100,2025
0.69,0.08227530032452593,1746066139,,True,1,2025-05-01_02-22-19,3.5491087436676025,3.5491087436676025,2499885,qMxak3,172.17.0.3,3.5491087436676025,1,"124_E=5,T=1000,a=0.9900,c=2,tau=0.5000",0.99,0,2,0.5,5,1000,normal,hete,federated,0.25,10,100,2025
0.0,0.4820000396625169,1746066133,,True,1,2025-05-01_02-22-13,1.4606800079345703,1.4606800079345703,2498220,qMxak3,172.17.0.3,1.4606800079345703,1,"123_E=1,T=1000,a=0.9900,c=2,tau=0.5000",0.99,0,2,0.5,1,1000,normal,hete,federated,0.25,10,100,2025
0.06,0.36163501556206107,1746066128,,True,1,2025-05-01_02-22-08,2.3595826625823975,2.3595826625823975,2493625,qMxak3,172.17.0.3,2.3595826625823975,1,"120_E=1,T=1000,a=0.9000,c=2,tau=0.5000",0.9,0,2,0.5,1,1000,normal,hete,federated,0.25,10,100,2025
0.85,0.0674130051767477,1746066134,,True,1,2025-05-01_02-22-14,2.8948116302490234,2.8948116302490234,2497268,qMxak3,172.17.0.3,2.8948116302490234,1,"121_E=5,T=1000,a=0.9000,c=2,tau=0.5000",0.9,0,2,0.5,5,1000,normal,hete,federated,0.25,10,100,2025
0.58,0.09635776714181381,1746066134,,True,1,2025-05-01_02-22-14,3.4091458320617676,3.4091458320617676,2497267,qMxak3,172.17.0.3,3.4091458320617676,1,"122_E=log,T=1000,a=0.9000,c=2,tau=0.5000",0.9,0,2,0.5,log,1000,normal,hete,federated,0.25,10,100,2025
1.0,0.026306872196350292,1746066149,,True,1,2025-05-01_02-22-29,2.690600633621216,2.690600633621216,2515341,qMxak3,172.17.0.3,2.690600633621216,1,"130_E=5,T=1000,a=0.6000,c=3,tau=0.5000",0.6,0,3,0.5,5,1000,normal,hete,federated,0.25,10,100,2025
1.0,0.07847536200556642,1746066149,,True,1,2025-05-01_02-22-29,2.2599477767944336,2.2599477767944336,2515343,qMxak3,172.17.0.3,2.2599477767944336,1,"132_E=1,T=1000,a=0.7000,c=3,tau=0.5000",0.7,0,3,0.5,1,1000,normal,hete,federated,0.25,10,100,2025
1.0,0.05188352814064398,1746066143,,True,1,2025-05-01_02-22-23,1.6931533813476562,1.6931533813476562,2510967,qMxak3,172.17.0.3,1.6931533813476562,1,"129_E=1,T=1000,a=0.6000,c=3,tau=0.5000",0.6,0,3,0.5,1,1000,normal,hete,federated,0.25,10,100,2025
1.0,0.04534010596015967,1746066139,,True,1,2025-05-01_02-22-19,1.7501161098480225,1.7501161098480225,2504311,qMxak3,172.17.0.3,1.7501161098480225,1,"126_E=1,T=1000,a=0.5100,c=3,tau=0.5000",0.51,0,3,0.5,1,1000,normal,hete,federated,0.25,10,100,2025
1.0,0.026170700010539734,1746066144,,True,1,2025-05-01_02-22-24,3.027547836303711,3.027547836303711,2506718,qMxak3,172.17.0.3,3.027547836303711,1,"127_E=5,T=1000,a=0.5100,c=3,tau=0.5000",0.51,0,3,0.5,5,1000,normal,hete,federated,0.25,10,100,2025
1.0,0.028808707300515816,1746066145,,True,1,2025-05-01_02-22-25,3.697319984436035,3.697319984436035,2506686,qMxak3,172.17.0.3,3.697319984436035,1,"128_E=log,T=1000,a=0.5100,c=3,tau=0.5000",0.51,0,3,0.5,log,1000,normal,hete,federated,0.25,10,100,2025
1.0,0.030453285168417873,1746066150,,True,1,2025-05-01_02-22-30,3.727668046951294,3.727668046951294,2515342,qMxak3,172.17.0.3,3.727668046951294,1,"131_E=log,T=1000,a=0.6000,c=3,tau=0.5000",0.6,0,3,0.5,log,1000,normal,hete,federated,0.25,10,100,2025
1.0,0.038329513636210025,1746066154,,True,1,2025-05-01_02-22-34,2.6994664669036865,2.6994664669036865,2518783,qMxak3,172.17.0.3,2.6994664669036865,1,"134_E=log,T=1000,a=0.7000,c=3,tau=0.5000",0.7,0,3,0.5,log,1000,normal,hete,federated,0.25,10,100,2025
1.0,0.1491602887344438,1746066154,,True,1,2025-05-01_02-22-34,0.5687565803527832,0.5687565803527832,2519768,qMxak3,172.17.0.3,0.5687565803527832,1,"135_E=1,T=1000,a=0.8000,c=3,tau=0.5000",0.8,0,3,0.5,1,1000,normal,hete,federated,0.25,10,100,2025
1.0,0.028684086957340846,1746066153,,True,1,2025-05-01_02-22-33,2.295773983001709,2.295773983001709,2518782,qMxak3,172.17.0.3,2.295773983001709,1,"133_E=5,T=1000,a=0.7000,c=3,tau=0.5000",0.7,0,3,0.5,5,1000,normal,hete,federated,0.25,10,100,2025
0.41,0.27718590404101123,1746066158,,True,1,2025-05-01_02-22-38,2.329925298690796,2.329925298690796,2524805,qMxak3,172.17.0.3,2.329925298690796,1,"138_E=1,T=1000,a=0.9000,c=3,tau=0.5000",0.9,0,3,0.5,1,1000,normal,hete,federated,0.25,10,100,2025
1.0,0.05643340274284467,1746066159,,True,1,2025-05-01_02-22-39,3.5782630443573,3.5782630443573,2524784,qMxak3,172.17.0.3,3.5782630443573,1,"137_E=log,T=1000,a=0.8000,c=3,tau=0.5000",0.8,0,3,0.5,log,1000,normal,hete,federated,0.25,10,100,2025
1.0,0.03668812949912243,1746066159,,True,1,2025-05-01_02-22-39,3.102055072784424,3.102055072784424,2524757,qMxak3,172.17.0.3,3.102055072784424,1,"136_E=5,T=1000,a=0.8000,c=3,tau=0.5000",0.8,0,3,0.5,5,1000,normal,hete,federated,0.25,10,100,2025
0.86,0.06420359918392453,1746066167,,True,1,2025-05-01_02-22-47,2.228517532348633,2.228517532348633,2530041,qMxak3,172.17.0.3,2.228517532348633,1,"142_E=5,T=1000,a=0.9900,c=3,tau=0.5000",0.99,0,3,0.5,5,1000,normal,hete,federated,0.25,10,100,2025
0.97,0.04957567204401694,1746066163,,True,1,2025-05-01_02-22-43,2.7986373901367188,2.7986373901367188,2528302,qMxak3,172.17.0.3,2.7986373901367188,1,"139_E=5,T=1000,a=0.9000,c=3,tau=0.5000",0.9,0,3,0.5,5,1000,normal,hete,federated,0.25,10,100,2025
0.77,0.08411627817492368,1746066164,,True,1,2025-05-01_02-22-44,3.5863609313964844,3.5863609313964844,2528303,qMxak3,172.17.0.3,3.5863609313964844,1,"140_E=log,T=1000,a=0.9000,c=3,tau=0.5000",0.9,0,3,0.5,log,1000,normal,hete,federated,0.25,10,100,2025
0.03,0.4133242271414307,1746066163,,True,1,2025-05-01_02-22-43,1.342498540878296,1.342498540878296,2529157,qMxak3,172.17.0.3,1.342498540878296,1,"141_E=1,T=1000,a=0.9900,c=3,tau=0.5000",0.99,0,3,0.5,1,1000,normal,hete,federated,0.25,10,100,2025
0.47,0.11222192561661151,1746066167,,True,1,2025-05-01_02-22-47,2.350276470184326,2.350276470184326,2530125,qMxak3,172.17.0.3,2.350276470184326,1,"143_E=log,T=1000,a=0.9900,c=3,tau=0.5000",0.99,0,3,0.5,log,1000,normal,hete,federated,0.25,10,100,2025
1.0,0.02681687844230252,1746066177,,True,1,2025-05-01_02-22-57,2.577036142349243,2.577036142349243,2540984,qMxak3,172.17.0.3,2.577036142349243,1,"148_E=5,T=1000,a=0.6000,c=4,tau=0.5000",0.6,0,4,0.5,5,1000,normal,hete,federated,0.25,10,100,2025
1.0,0.029753366320919915,1746066174,,True,1,2025-05-01_02-22-54,3.7433853149414062,3.7433853149414062,2537064,qMxak3,172.17.0.3,3.7433853149414062,1,"146_E=log,T=1000,a=0.5100,c=4,tau=0.5000",0.51,0,4,0.5,log,1000,normal,hete,federated,0.25,10,100,2025
1.0,0.029556918202034807,1746066178,,True,1,2025-05-01_02-22-58,3.154231071472168,3.154231071472168,2540985,qMxak3,172.17.0.3,3.154231071472168,1,"149_E=log,T=1000,a=0.6000,c=4,tau=0.5000",0.6,0,4,0.5,log,1000,normal,hete,federated,0.25,10,100,2025
1.0,0.04923921426748303,1746066172,,True,1,2025-05-01_02-22-52,2.353163719177246,2.353163719177246,2537062,qMxak3,172.17.0.3,2.353163719177246,1,"147_E=1,T=1000,a=0.6000,c=4,tau=0.5000",0.6,0,4,0.5,1,1000,normal,hete,federated,0.25,10,100,2025
1.0,0.02717586360258246,1746066173,,True,1,2025-05-01_02-22-53,2.6878654956817627,2.6878654956817627,2537063,qMxak3,172.17.0.3,2.6878654956817627,1,"145_E=5,T=1000,a=0.5100,c=4,tau=0.5000",0.51,0,4,0.5,5,1000,normal,hete,federated,0.25,10,100,2025
1.0,0.05907224605051585,1746066177,,True,1,2025-05-01_02-22-57,1.5782334804534912,1.5782334804534912,2541304,qMxak3,172.17.0.3,1.5782334804534912,1,"150_E=1,T=1000,a=0.7000,c=4,tau=0.5000",0.7,0,4,0.5,1,1000,normal,hete,federated,0.25,10,100,2025
1.0,0.04519593470760417,1746066168,,True,1,2025-05-01_02-22-48,0.9672544002532959,0.9672544002532959,2534455,qMxak3,172.17.0.3,0.9672544002532959,1,"144_E=1,T=1000,a=0.5100,c=4,tau=0.5000",0.51,0,4,0.5,1,1000,normal,hete,federated,0.25,10,100,2025
1.0,0.0447826444159545,1746066188,,True,1,2025-05-01_02-23-08,3.613685131072998,3.613685131072998,2550502,qMxak3,172.17.0.3,3.613685131072998,1,"155_E=log,T=1000,a=0.8000,c=4,tau=0.5000",0.8,0,4,0.5,log,1000,normal,hete,federated,0.25,10,100,2025
1.0,0.026925345581635184,1746066182,,True,1,2025-05-01_02-23-02,3.1642510890960693,3.1642510890960693,2543374,qMxak3,172.17.0.3,3.1642510890960693,1,"151_E=5,T=1000,a=0.7000,c=4,tau=0.5000",0.7,0,4,0.5,5,1000,normal,hete,federated,0.25,10,100,2025
1.0,0.03063829070483713,1746066187,,True,1,2025-05-01_02-23-07,3.1464858055114746,3.1464858055114746,2550503,qMxak3,172.17.0.3,3.1464858055114746,1,"154_E=5,T=1000,a=0.8000,c=4,tau=0.5000",0.8,0,4,0.5,5,1000,normal,hete,federated,0.25,10,100,2025
0.97,0.21415798643949102,1746066186,,True,1,2025-05-01_02-23-06,1.508666753768921,1.508666753768921,2550720,qMxak3,172.17.0.3,1.508666753768921,1,"156_E=1,T=1000,a=0.9000,c=4,tau=0.5000",0.9,0,4,0.5,1,1000,normal,hete,federated,0.25,10,100,2025
1.0,0.10676907805175116,1746066182,,True,1,2025-05-01_02-23-02,2.3695459365844727,2.3695459365844727,2543565,qMxak3,172.17.0.3,2.3695459365844727,1,"153_E=1,T=1000,a=0.8000,c=4,tau=0.5000",0.8,0,4,0.5,1,1000,normal,hete,federated,0.25,10,100,2025
1.0,0.032783060357421165,1746066183,,True,1,2025-05-01_02-23-03,3.464991569519043,3.464991569519043,2543466,qMxak3,172.17.0.3,3.464991569519043,1,"152_E=log,T=1000,a=0.7000,c=4,tau=0.5000",0.7,0,4,0.5,log,1000,normal,hete,federated,0.25,10,100,2025
0.99,0.04557385782708081,1746066197,,True,1,2025-05-01_02-23-17,1.0522193908691406,1.0522193908691406,2559547,qMxak3,172.17.0.3,1.0522193908691406,1,"162_E=1,T=1000,a=0.5100,c=5,tau=0.5000",0.51,0,5,0.5,1,1000,normal,hete,federated,0.25,10,100,2025
0.17,0.3568172826011098,1746066192,,True,1,2025-05-01_02-23-12,2.2541699409484863,2.2541699409484863,2555481,qMxak3,172.17.0.3,2.2541699409484863,1,"159_E=1,T=1000,a=0.9900,c=4,tau=0.5000",0.99,0,4,0.5,1,1000,normal,hete,federated,0.25,10,100,2025
0.97,0.052974428949981035,1746066196,,True,1,2025-05-01_02-23-16,2.258026599884033,2.258026599884033,2559284,qMxak3,172.17.0.3,2.258026599884033,1,"160_E=5,T=1000,a=0.9900,c=4,tau=0.5000",0.99,0,4,0.5,5,1000,normal,hete,federated,0.25,10,100,2025
0.99,0.06826775069670721,1746066193,,True,1,2025-05-01_02-23-13,3.5257933139801025,3.5257933139801025,2555479,qMxak3,172.17.0.3,3.5257933139801025,1,"158_E=log,T=1000,a=0.9000,c=4,tau=0.5000",0.9,0,4,0.5,log,1000,normal,hete,federated,0.25,10,100,2025
0.67,0.09698188642396799,1746066196,,True,1,2025-05-01_02-23-16,2.354266881942749,2.354266881942749,2559285,qMxak3,172.17.0.3,2.354266881942749,1,"161_E=log,T=1000,a=0.9900,c=4,tau=0.5000",0.99,0,4,0.5,log,1000,normal,hete,federated,0.25,10,100,2025
1.0,0.04011448418127895,1746066193,,True,1,2025-05-01_02-23-13,3.1978700160980225,3.1978700160980225,2555480,qMxak3,172.17.0.3,3.1978700160980225,1,"157_E=5,T=1000,a=0.9000,c=4,tau=0.5000",0.9,0,4,0.5,5,1000,normal,hete,federated,0.25,10,100,2025
0.99,0.047890381029925905,1746066202,,True,1,2025-05-01_02-23-22,1.9952809810638428,1.9952809810638428,2562536,qMxak3,172.17.0.3,1.9952809810638428,1,"165_E=1,T=1000,a=0.6000,c=5,tau=0.5000",0.6,0,5,0.5,1,1000,normal,hete,federated,0.25,10,100,2025
1.0,0.0529979952033567,1746066208,,True,1,2025-05-01_02-23-28,1.8065335750579834,1.8065335750579834,2569108,qMxak3,172.17.0.3,1.8065335750579834,1,"168_E=1,T=1000,a=0.7000,c=5,tau=0.5000",0.7,0,5,0.5,1,1000,normal,hete,federated,0.25,10,100,2025
1.0,0.03235539843803254,1746066203,,True,1,2025-05-01_02-23-23,4.084618091583252,4.084618091583252,2562440,qMxak3,172.17.0.3,4.084618091583252,1,"164_E=log,T=1000,a=0.5100,c=5,tau=0.5000",0.51,0,5,0.5,log,1000,normal,hete,federated,0.25,10,100,2025
1.0,0.031408799380092625,1746066208,,True,1,2025-05-01_02-23-28,4.00432276725769,4.00432276725769,2565877,qMxak3,172.17.0.3,4.00432276725769,1,"167_E=log,T=1000,a=0.6000,c=5,tau=0.5000",0.6,0,5,0.5,log,1000,normal,hete,federated,0.25,10,100,2025
1.0,0.026965572228959754,1746066208,,True,1,2025-05-01_02-23-28,3.6933090686798096,3.6933090686798096,2565769,qMxak3,172.17.0.3,3.6933090686798096,1,"166_E=5,T=1000,a=0.6000,c=5,tau=0.5000",0.6,0,5,0.5,5,1000,normal,hete,federated,0.25,10,100,2025
1.0,0.027558101135288872,1746066202,,True,1,2025-05-01_02-23-22,3.4567818641662598,3.4567818641662598,2562439,qMxak3,172.17.0.3,3.4567818641662598,1,"163_E=5,T=1000,a=0.5100,c=5,tau=0.5000",0.51,0,5,0.5,5,1000,normal,hete,federated,0.25,10,100,2025
1.0,0.03868105051503627,1746066219,,True,1,2025-05-01_02-23-39,3.74723482131958,3.74723482131958,2579376,qMxak3,172.17.0.3,3.74723482131958,1,"173_E=log,T=1000,a=0.8000,c=5,tau=0.5000",0.8,0,5,0.5,log,1000,normal,hete,federated,0.25,10,100,2025
1.0,0.08086645961333318,1746066212,,True,1,2025-05-01_02-23-32,2.2834720611572266,2.2834720611572266,2571836,qMxak3,172.17.0.3,2.2834720611572266,1,"171_E=1,T=1000,a=0.8000,c=5,tau=0.5000",0.8,0,5,0.5,1,1000,normal,hete,federated,0.25,10,100,2025
1.0,0.027080066460249744,1746066218,,True,1,2025-05-01_02-23-38,2.985278367996216,2.985278367996216,2579377,qMxak3,172.17.0.3,2.985278367996216,1,"172_E=5,T=1000,a=0.8000,c=5,tau=0.5000",0.8,0,5,0.5,5,1000,normal,hete,federated,0.25,10,100,2025
1.0,0.02637607911700842,1746066213,,True,1,2025-05-01_02-23-33,3.204392194747925,3.204392194747925,2571830,qMxak3,172.17.0.3,3.204392194747925,1,"169_E=5,T=1000,a=0.7000,c=5,tau=0.5000",0.7,0,5,0.5,5,1000,normal,hete,federated,0.25,10,100,2025
1.0,0.16546054349375247,1746066217,,True,1,2025-05-01_02-23-37,1.570493221282959,1.570493221282959,2579594,qMxak3,172.17.0.3,1.570493221282959,1,"174_E=1,T=1000,a=0.9000,c=5,tau=0.5000",0.9,0,5,0.5,1,1000,normal,hete,federated,0.25,10,100,2025
1.0,0.03204571425955238,1746066214,,True,1,2025-05-01_02-23-34,3.645331382751465,3.645331382751465,2571845,qMxak3,172.17.0.3,3.645331382751465,1,"170_E=log,T=1000,a=0.7000,c=5,tau=0.5000",0.7,0,5,0.5,log,1000,normal,hete,federated,0.25,10,100,2025
1.0,0.041883411587219616,1746066228,,True,1,2025-05-01_02-23-48,2.4022305011749268,2.4022305011749268,2588125,qMxak3,172.17.0.3,2.4022305011749268,1,"178_E=5,T=1000,a=0.9900,c=5,tau=0.5000",0.99,0,5,0.5,5,1000,normal,hete,federated,0.25,10,100,2025
0.57,0.3001817299498117,1746066223,,True,1,2025-05-01_02-23-43,2.3870460987091064,2.3870460987091064,2584339,qMxak3,172.17.0.3,2.3870460987091064,1,"177_E=1,T=1000,a=0.9900,c=5,tau=0.5000",0.99,0,5,0.5,1,1000,normal,hete,federated,0.25,10,100,2025
1.0,0.056845469778703424,1746066224,,True,1,2025-05-01_02-23-44,3.8789095878601074,3.8789095878601074,2584338,qMxak3,172.17.0.3,3.8789095878601074,1,"176_E=log,T=1000,a=0.9000,c=5,tau=0.5000",0.9,0,5,0.5,log,1000,normal,hete,federated,0.25,10,100,2025
1.0,0.11256603492336445,1746066228,,True,1,2025-05-01_02-23-48,1.2176082134246826,1.2176082134246826,2589057,qMxak3,172.17.0.3,1.2176082134246826,1,"180_E=1,T=1000,a=0.5100,c=1,tau=0.8000",0.51,0,1,0.8,1,1000,normal,hete,federated,0.25,10,100,2025
1.0,0.03257567268189875,1746066223,,True,1,2025-05-01_02-23-43,2.865344285964966,2.865344285964966,2584301,qMxak3,172.17.0.3,2.865344285964966,1,"175_E=5,T=1000,a=0.9000,c=5,tau=0.5000",0.9,0,5,0.5,5,1000,normal,hete,federated,0.25,10,100,2025
0.9,0.08297742980247824,1746066229,,True,1,2025-05-01_02-23-49,3.4230480194091797,3.4230480194091797,2588126,qMxak3,172.17.0.3,3.4230480194091797,1,"179_E=log,T=1000,a=0.9900,c=5,tau=0.5000",0.99,0,5,0.5,log,1000,normal,hete,federated,0.25,10,100,2025
1.0,0.059333433667330404,1746066232,,True,1,2025-05-01_02-23-52,2.770625591278076,2.770625591278076,2590473,qMxak3,172.17.0.3,2.770625591278076,1,"181_E=5,T=1000,a=0.5100,c=1,tau=0.8000",0.51,0,1,0.8,5,1000,normal,hete,federated,0.25,10,100,2025
1.0,0.07630608066307845,1746066238,,True,1,2025-05-01_02-23-58,3.352180004119873,3.352180004119873,2597994,qMxak3,172.17.0.3,3.352180004119873,1,"185_E=log,T=1000,a=0.6000,c=1,tau=0.8000",0.6,0,1,0.8,log,1000,normal,hete,federated,0.25,10,100,2025
1.0,0.07542792138840433,1746066238,,True,1,2025-05-01_02-23-58,2.8837733268737793,2.8837733268737793,2597993,qMxak3,172.17.0.3,2.8837733268737793,1,"184_E=5,T=1000,a=0.6000,c=1,tau=0.8000",0.6,0,1,0.8,5,1000,normal,hete,federated,0.25,10,100,2025
1.0,0.06328434369177183,1746066233,,True,1,2025-05-01_02-23-53,3.3590872287750244,3.3590872287750244,2590654,qMxak3,172.17.0.3,3.3590872287750244,1,"182_E=log,T=1000,a=0.5100,c=1,tau=0.8000",0.51,0,1,0.8,log,1000,normal,hete,federated,0.25,10,100,2025
1.0,0.1980491035135838,1746066232,,True,1,2025-05-01_02-23-52,1.9794831275939941,1.9794831275939941,2590556,qMxak3,172.17.0.3,1.9794831275939941,1,"183_E=1,T=1000,a=0.6000,c=1,tau=0.8000",0.6,0,1,0.8,1,1000,normal,hete,federated,0.25,10,100,2025
0.31,0.3109303225182016,1746066238,,True,1,2025-05-01_02-23-58,1.9189634323120117,1.9189634323120117,2598001,qMxak3,172.17.0.3,1.9189634323120117,1,"186_E=1,T=1000,a=0.7000,c=1,tau=0.8000",0.7,0,1,0.8,1,1000,normal,hete,federated,0.25,10,100,2025
0.01,0.4248650222821289,1746066242,,True,1,2025-05-01_02-24-02,1.8923137187957764,1.8923137187957764,2601968,qMxak3,172.17.0.3,1.8923137187957764,1,"189_E=1,T=1000,a=0.8000,c=1,tau=0.8000",0.8,0,1,0.8,1,1000,normal,hete,federated,0.25,10,100,2025
1.0,0.09168387465369918,1746066244,,True,1,2025-05-01_02-24-04,3.718658924102783,3.718658924102783,2601754,qMxak3,172.17.0.3,3.718658924102783,1,"188_E=log,T=1000,a=0.7000,c=1,tau=0.8000",0.7,0,1,0.8,log,1000,normal,hete,federated,0.25,10,100,2025
0.0,0.5241340901233472,1746066247,,True,1,2025-05-01_02-24-07,1.6462984085083008,1.6462984085083008,2606096,qMxak3,172.17.0.3,1.6462984085083008,1,"192_E=1,T=1000,a=0.9000,c=1,tau=0.8000",0.9,0,1,0.8,1,1000,normal,hete,federated,0.25,10,100,2025
0.99,0.10566764588329329,1746066249,,True,1,2025-05-01_02-24-09,3.368518829345703,3.368518829345703,2606095,qMxak3,172.17.0.3,3.368518829345703,1,"191_E=log,T=1000,a=0.8000,c=1,tau=0.8000",0.8,0,1,0.8,log,1000,normal,hete,federated,0.25,10,100,2025
0.85,0.11534743569187088,1746066248,,True,1,2025-05-01_02-24-08,3.450465202331543,3.450465202331543,2605901,qMxak3,172.17.0.3,3.450465202331543,1,"190_E=5,T=1000,a=0.8000,c=1,tau=0.8000",0.8,0,1,0.8,5,1000,normal,hete,federated,0.25,10,100,2025
0.95,0.09592484446831735,1746066243,,True,1,2025-05-01_02-24-03,3.1492204666137695,3.1492204666137695,2601753,qMxak3,172.17.0.3,3.1492204666137695,1,"187_E=5,T=1000,a=0.7000,c=1,tau=0.8000",0.7,0,1,0.8,5,1000,normal,hete,federated,0.25,10,100,2025
0.71,0.13169129576581934,1746066252,,True,1,2025-05-01_02-24-12,2.4573867321014404,2.4573867321014404,2609024,qMxak3,172.17.0.3,2.4573867321014404,1,"193_E=5,T=1000,a=0.9000,c=1,tau=0.8000",0.9,0,1,0.8,5,1000,normal,hete,federated,0.25,10,100,2025
0.0,0.5964768564104626,1746066253,,True,1,2025-05-01_02-24-13,1.2048721313476562,1.2048721313476562,2611738,qMxak3,172.17.0.3,1.2048721313476562,1,"195_E=1,T=1000,a=0.9900,c=1,tau=0.8000",0.99,0,1,0.8,1,1000,normal,hete,federated,0.25,10,100,2025
0.96,0.1169501098585213,1746066253,,True,1,2025-05-01_02-24-13,2.7283287048339844,2.7283287048339844,2611026,qMxak3,172.17.0.3,2.7283287048339844,1,"194_E=log,T=1000,a=0.9000,c=1,tau=0.8000",0.9,0,1,0.8,log,1000,normal,hete,federated,0.25,10,100,2025
0.91,0.12464653289961218,1746066259,,True,1,2025-05-01_02-24-19,3.725478172302246,3.725478172302246,2615159,qMxak3,172.17.0.3,3.725478172302246,1,"197_E=log,T=1000,a=0.9900,c=1,tau=0.8000",0.99,0,1,0.8,log,1000,normal,hete,federated,0.25,10,100,2025
0.56,0.14337677328304838,1746066258,,True,1,2025-05-01_02-24-18,2.7969963550567627,2.7969963550567627,2615158,qMxak3,172.17.0.3,2.7969963550567627,1,"196_E=5,T=1000,a=0.9900,c=1,tau=0.8000",0.99,0,1,0.8,5,1000,normal,hete,federated,0.25,10,100,2025
1.0,0.03100399983026143,1746066258,,True,1,2025-05-01_02-24-18,2.312037467956543,2.312037467956543,2615154,qMxak3,172.17.0.3,2.312037467956543,1,"198_E=1,T=1000,a=0.5100,c=2,tau=0.8000",0.51,0,2,0.8,1,1000,normal,hete,federated,0.25,10,100,2025
1.0,0.04345636506273865,1746066263,,True,1,2025-05-01_02-24-23,3.051607370376587,3.051607370376587,2619106,qMxak3,172.17.0.3,3.051607370376587,1,"200_E=log,T=1000,a=0.5100,c=2,tau=0.8000",0.51,0,2,0.8,log,1000,normal,hete,federated,0.25,10,100,2025
1.0,0.08567891141183175,1746066267,,True,1,2025-05-01_02-24-27,1.799865484237671,1.799865484237671,2624643,qMxak3,172.17.0.3,1.799865484237671,1,"204_E=1,T=1000,a=0.7000,c=2,tau=0.8000",0.7,0,2,0.8,1,1000,normal,hete,federated,0.25,10,100,2025
1.0,0.027797178619001703,1746066262,,True,1,2025-05-01_02-24-22,2.0837326049804688,2.0837326049804688,2619105,qMxak3,172.17.0.3,2.0837326049804688,1,"199_E=5,T=1000,a=0.5100,c=2,tau=0.8000",0.51,0,2,0.8,5,1000,normal,hete,federated,0.25,10,100,2025
1.0,0.037793403362331335,1746066268,,True,1,2025-05-01_02-24-28,2.809863567352295,2.809863567352295,2624598,qMxak3,172.17.0.3,2.809863567352295,1,"202_E=5,T=1000,a=0.6000,c=2,tau=0.8000",0.6,0,2,0.8,5,1000,normal,hete,federated,0.25,10,100,2025
1.0,0.05895659317423722,1746066269,,True,1,2025-05-01_02-24-29,3.547130823135376,3.547130823135376,2624635,qMxak3,172.17.0.3,3.547130823135376,1,"203_E=log,T=1000,a=0.6000,c=2,tau=0.8000",0.6,0,2,0.8,log,1000,normal,hete,federated,0.25,10,100,2025
1.0,0.040166861769219186,1746066263,,True,1,2025-05-01_02-24-23,0.511864423751831,0.511864423751831,2619947,qMxak3,172.17.0.3,0.511864423751831,1,"201_E=1,T=1000,a=0.6000,c=2,tau=0.8000",0.6,0,2,0.8,1,1000,normal,hete,federated,0.25,10,100,2025
0.89,0.08497073009676993,1746066278,,True,1,2025-05-01_02-24-38,3.4636659622192383,3.4636659622192383,2630972,qMxak3,172.17.0.3,3.4636659622192383,1,"208_E=5,T=1000,a=0.8000,c=2,tau=0.8000",0.8,0,2,0.8,5,1000,normal,hete,federated,0.25,10,100,2025
0.83,0.11877799227897061,1746066279,,True,1,2025-05-01_02-24-39,3.9258005619049072,3.9258005619049072,2630974,qMxak3,172.17.0.3,3.9258005619049072,1,"209_E=log,T=1000,a=0.8000,c=2,tau=0.8000",0.8,0,2,0.8,log,1000,normal,hete,federated,0.25,10,100,2025
0.85,0.17722620501524666,1746066272,,True,1,2025-05-01_02-24-32,1.8244054317474365,1.8244054317474365,2629217,qMxak3,172.17.0.3,1.8244054317474365,1,"207_E=1,T=1000,a=0.8000,c=2,tau=0.8000",0.8,0,2,0.8,1,1000,normal,hete,federated,0.25,10,100,2025
0.26,0.2818757804528477,1746066278,,True,1,2025-05-01_02-24-38,1.9808611869812012,1.9808611869812012,2635461,qMxak3,172.17.0.3,1.9808611869812012,1,"210_E=1,T=1000,a=0.9000,c=2,tau=0.8000",0.9,0,2,0.8,1,1000,normal,hete,federated,0.25,10,100,2025
0.99,0.057675835013577245,1746066273,,True,1,2025-05-01_02-24-33,3.08453631401062,3.08453631401062,2627031,qMxak3,172.17.0.3,3.08453631401062,1,"205_E=5,T=1000,a=0.7000,c=2,tau=0.8000",0.7,0,2,0.8,5,1000,normal,hete,federated,0.25,10,100,2025
0.99,0.08614870455451948,1746066273,,True,1,2025-05-01_02-24-33,3.4503567218780518,3.4503567218780518,2627088,qMxak3,172.17.0.3,3.4503567218780518,1,"206_E=log,T=1000,a=0.7000,c=2,tau=0.8000",0.7,0,2,0.8,log,1000,normal,hete,federated,0.25,10,100,2025
0.66,0.15112080787769144,1746066284,,True,1,2025-05-01_02-24-44,3.5142548084259033,3.5142548084259033,2641734,qMxak3,172.17.0.3,3.5142548084259033,1,"212_E=log,T=1000,a=0.9000,c=2,tau=0.8000",0.9,0,2,0.8,log,1000,normal,hete,federated,0.25,10,100,2025
1.0,0.03985329991330291,1746066289,,True,1,2025-05-01_02-24-49,1.7972490787506104,1.7972490787506104,2646637,qMxak3,172.17.0.3,1.7972490787506104,1,"216_E=1,T=1000,a=0.5100,c=3,tau=0.8000",0.51,0,3,0.8,1,1000,normal,hete,federated,0.25,10,100,2025
0.69,0.17696794830367021,1746066290,,True,1,2025-05-01_02-24-50,4.198521614074707,4.198521614074707,2645728,qMxak3,172.17.0.3,4.198521614074707,1,"215_E=log,T=1000,a=0.9900,c=2,tau=0.8000",0.99,0,2,0.8,log,1000,normal,hete,federated,0.25,10,100,2025
0.34,0.1370539282185603,1746066289,,True,1,2025-05-01_02-24-49,3.382474422454834,3.382474422454834,2645729,qMxak3,172.17.0.3,3.382474422454834,1,"214_E=5,T=1000,a=0.9900,c=2,tau=0.8000",0.99,0,2,0.8,5,1000,normal,hete,federated,0.25,10,100,2025
0.07,0.37616311136636865,1746066283,,True,1,2025-05-01_02-24-43,2.3907594680786133,2.3907594680786133,2641733,qMxak3,172.17.0.3,2.3907594680786133,1,"213_E=1,T=1000,a=0.9900,c=2,tau=0.8000",0.99,0,2,0.8,1,1000,normal,hete,federated,0.25,10,100,2025
0.54,0.11366143333821264,1746066284,,True,1,2025-05-01_02-24-44,3.098151683807373,3.098151683807373,2641732,qMxak3,172.17.0.3,3.098151683807373,1,"211_E=5,T=1000,a=0.9000,c=2,tau=0.8000",0.9,0,2,0.8,5,1000,normal,hete,federated,0.25,10,100,2025
1.0,0.024638800765839734,1746066295,,True,1,2025-05-01_02-24-55,3.15501070022583,3.15501070022583,2653383,qMxak3,172.17.0.3,3.15501070022583,1,"218_E=log,T=1000,a=0.5100,c=3,tau=0.8000",0.51,0,3,0.8,log,1000,normal,hete,federated,0.25,10,100,2025
1.0,0.03263393296424602,1746066300,,True,1,2025-05-01_02-25-00,3.7294843196868896,3.7294843196868896,2654521,qMxak3,172.17.0.3,3.7294843196868896,1,"221_E=log,T=1000,a=0.6000,c=3,tau=0.8000",0.6,0,3,0.8,log,1000,normal,hete,federated,0.25,10,100,2025
1.0,0.019286151683966968,1746066299,,True,1,2025-05-01_02-24-59,3.056666851043701,3.056666851043701,2654518,qMxak3,172.17.0.3,3.056666851043701,1,"220_E=5,T=1000,a=0.6000,c=3,tau=0.8000",0.6,0,3,0.8,5,1000,normal,hete,federated,0.25,10,100,2025
0.96,0.05480300041837698,1746066298,,True,1,2025-05-01_02-24-58,1.4249351024627686,1.4249351024627686,2658688,qMxak3,172.17.0.3,1.4249351024627686,1,"222_E=1,T=1000,a=0.7000,c=3,tau=0.8000",0.7,0,3,0.8,1,1000,normal,hete,federated,0.25,10,100,2025
1.0,0.015916178212719134,1746066294,,True,1,2025-05-01_02-24-54,3.332465410232544,3.332465410232544,2649337,qMxak3,172.17.0.3,3.332465410232544,1,"217_E=5,T=1000,a=0.5100,c=3,tau=0.8000",0.51,0,3,0.8,5,1000,normal,hete,federated,0.25,10,100,2025
1.0,0.04803031940284712,1746066294,,True,1,2025-05-01_02-24-54,1.7007732391357422,1.7007732391357422,2653386,qMxak3,172.17.0.3,1.7007732391357422,1,"219_E=1,T=1000,a=0.6000,c=3,tau=0.8000",0.6,0,3,0.8,1,1000,normal,hete,federated,0.25,10,100,2025
1.0,0.08969684930045597,1746066309,,True,1,2025-05-01_02-25-09,3.4768824577331543,3.4768824577331543,2667196,qMxak3,172.17.0.3,3.4768824577331543,1,"227_E=log,T=1000,a=0.8000,c=3,tau=0.8000",0.8,0,3,0.8,log,1000,normal,hete,federated,0.25,10,100,2025
1.0,0.029104968562115207,1746066305,,True,1,2025-05-01_02-25-05,3.1946568489074707,3.1946568489074707,2663935,qMxak3,172.17.0.3,3.1946568489074707,1,"223_E=5,T=1000,a=0.7000,c=3,tau=0.8000",0.7,0,3,0.8,5,1000,normal,hete,federated,0.25,10,100,2025
0.95,0.07936160432014687,1746066304,,True,1,2025-05-01_02-25-04,2.1799962520599365,2.1799962520599365,2663936,qMxak3,172.17.0.3,2.1799962520599365,1,"225_E=1,T=1000,a=0.8000,c=3,tau=0.8000",0.8,0,3,0.8,1,1000,normal,hete,federated,0.25,10,100,2025
0.97,0.04819848800222993,1746066308,,True,1,2025-05-01_02-25-08,2.6956512928009033,2.6956512928009033,2667195,qMxak3,172.17.0.3,2.6956512928009033,1,"226_E=5,T=1000,a=0.8000,c=3,tau=0.8000",0.8,0,3,0.8,5,1000,normal,hete,federated,0.25,10,100,2025
0.8,0.14940082994904194,1746066308,,True,1,2025-05-01_02-25-08,1.6080355644226074,1.6080355644226074,2668052,qMxak3,172.17.0.3,1.6080355644226074,1,"228_E=1,T=1000,a=0.9000,c=3,tau=0.8000",0.9,0,3,0.8,1,1000,normal,hete,federated,0.25,10,100,2025
1.0,0.05467564213146124,1746066305,,True,1,2025-05-01_02-25-05,3.4849817752838135,3.4849817752838135,2663898,qMxak3,172.17.0.3,3.4849817752838135,1,"224_E=log,T=1000,a=0.7000,c=3,tau=0.8000",0.7,0,3,0.8,log,1000,normal,hete,federated,0.25,10,100,2025
0.69,0.07589999647084043,1746066313,,True,1,2025-05-01_02-25-13,2.831063985824585,2.831063985824585,2669701,qMxak3,172.17.0.3,2.831063985824585,1,"229_E=5,T=1000,a=0.9000,c=3,tau=0.8000",0.9,0,3,0.8,5,1000,normal,hete,federated,0.25,10,100,2025
0.86,0.13070154172781717,1746066314,,True,1,2025-05-01_02-25-14,3.3262414932250977,3.3262414932250977,2669624,qMxak3,172.17.0.3,3.3262414932250977,1,"230_E=log,T=1000,a=0.9000,c=3,tau=0.8000",0.9,0,3,0.8,log,1000,normal,hete,federated,0.25,10,100,2025
1.0,0.04581597165103839,1746066317,,True,1,2025-05-01_02-25-17,2.356708288192749,2.356708288192749,2675547,qMxak3,172.17.0.3,2.356708288192749,1,"234_E=1,T=1000,a=0.5100,c=4,tau=0.8000",0.51,0,4,0.8,1,1000,normal,hete,federated,0.25,10,100,2025
0.46,0.10299409268982739,1746066318,,True,1,2025-05-01_02-25-18,3.0265145301818848,3.0265145301818848,2675621,qMxak3,172.17.0.3,3.0265145301818848,1,"232_E=5,T=1000,a=0.9900,c=3,tau=0.8000",0.99,0,3,0.8,5,1000,normal,hete,federated,0.25,10,100,2025
0.89,0.1683747066178245,1746066318,,True,1,2025-05-01_02-25-18,3.4740142822265625,3.4740142822265625,2675651,qMxak3,172.17.0.3,3.4740142822265625,1,"233_E=log,T=1000,a=0.9900,c=3,tau=0.8000",0.99,0,3,0.8,log,1000,normal,hete,federated,0.25,10,100,2025
0.45,0.22796826987214547,1746066313,,True,1,2025-05-01_02-25-13,1.6849520206451416,1.6849520206451416,2669776,qMxak3,172.17.0.3,1.6849520206451416,1,"231_E=1,T=1000,a=0.9900,c=3,tau=0.8000",0.99,0,3,0.8,1,1000,normal,hete,federated,0.25,10,100,2025
1.0,0.01828692949963691,1746066323,,True,1,2025-05-01_02-25-23,3.32277250289917,3.32277250289917,2682477,qMxak3,172.17.0.3,3.32277250289917,1,"235_E=5,T=1000,a=0.5100,c=4,tau=0.8000",0.51,0,4,0.8,5,1000,normal,hete,federated,0.25,10,100,2025
0.99,0.056370319030361375,1746066322,,True,1,2025-05-01_02-25-22,1.5088467597961426,1.5088467597961426,2682701,qMxak3,172.17.0.3,1.5088467597961426,1,"237_E=1,T=1000,a=0.6000,c=4,tau=0.8000",0.6,0,4,0.8,1,1000,normal,hete,federated,0.25,10,100,2025
1.0,0.01551523356498904,1746066329,,True,1,2025-05-01_02-25-29,3.142094850540161,3.142094850540161,2687094,qMxak3,172.17.0.3,3.142094850540161,1,"239_E=log,T=1000,a=0.6000,c=4,tau=0.8000",0.6,0,4,0.8,log,1000,normal,hete,federated,0.25,10,100,2025
0.93,0.07112960800909723,1746066328,,True,1,2025-05-01_02-25-28,1.9127531051635742,1.9127531051635742,2687096,qMxak3,172.17.0.3,1.9127531051635742,1,"240_E=1,T=1000,a=0.7000,c=4,tau=0.8000",0.7,0,4,0.8,1,1000,normal,hete,federated,0.25,10,100,2025
1.0,0.018621397304413145,1746066328,,True,1,2025-05-01_02-25-28,2.878873109817505,2.878873109817505,2686993,qMxak3,172.17.0.3,2.878873109817505,1,"238_E=5,T=1000,a=0.6000,c=4,tau=0.8000",0.6,0,4,0.8,5,1000,normal,hete,federated,0.25,10,100,2025
1.0,0.014108710650894836,1746066324,,True,1,2025-05-01_02-25-24,3.8525757789611816,3.8525757789611816,2682478,qMxak3,172.17.0.3,3.8525757789611816,1,"236_E=log,T=1000,a=0.5100,c=4,tau=0.8000",0.51,0,4,0.8,log,1000,normal,hete,federated,0.25,10,100,2025
0.85,0.07714554077963019,1746066332,,True,1,2025-05-01_02-25-32,1.5804646015167236,1.5804646015167236,2691398,qMxak3,172.17.0.3,1.5804646015167236,1,"243_E=1,T=1000,a=0.8000,c=4,tau=0.8000",0.8,0,4,0.8,1,1000,normal,hete,federated,0.25,10,100,2025
1.0,0.019992900851056438,1746066333,,True,1,2025-05-01_02-25-33,3.078493118286133,3.078493118286133,2688556,qMxak3,172.17.0.3,3.078493118286133,1,"241_E=5,T=1000,a=0.7000,c=4,tau=0.8000",0.7,0,4,0.8,5,1000,normal,hete,federated,0.25,10,100,2025
0.9,0.09898127015474874,1746066338,,True,1,2025-05-01_02-25-38,2.1896579265594482,2.1896579265594482,2696021,qMxak3,172.17.0.3,2.1896579265594482,1,"246_E=1,T=1000,a=0.9000,c=4,tau=0.8000",0.9,0,4,0.8,1,1000,normal,hete,federated,0.25,10,100,2025
1.0,0.02776397784606126,1746066338,,True,1,2025-05-01_02-25-38,2.7248244285583496,2.7248244285583496,2696020,qMxak3,172.17.0.3,2.7248244285583496,1,"244_E=5,T=1000,a=0.8000,c=4,tau=0.8000",0.8,0,4,0.8,5,1000,normal,hete,federated,0.25,10,100,2025
1.0,0.024660058393978303,1746066334,,True,1,2025-05-01_02-25-34,3.743604898452759,3.743604898452759,2688920,qMxak3,172.17.0.3,3.743604898452759,1,"242_E=log,T=1000,a=0.7000,c=4,tau=0.8000",0.7,0,4,0.8,log,1000,normal,hete,federated,0.25,10,100,2025
1.0,0.052150165187828085,1746066339,,True,1,2025-05-01_02-25-39,3.7140443325042725,3.7140443325042725,2696019,qMxak3,172.17.0.3,3.7140443325042725,1,"245_E=log,T=1000,a=0.8000,c=4,tau=0.8000",0.8,0,4,0.8,log,1000,normal,hete,federated,0.25,10,100,2025
0.68,0.0681400968668369,1746066347,,True,1,2025-05-01_02-25-47,1.2118453979492188,1.2118453979492188,2702185,qMxak3,172.17.0.3,1.2118453979492188,1,"250_E=5,T=1000,a=0.9900,c=4,tau=0.8000",0.99,0,4,0.8,5,1000,normal,hete,federated,0.25,10,100,2025
1.0,0.09395065504225414,1746066345,,True,1,2025-05-01_02-25-45,4.199439287185669,4.199439287185669,2699877,qMxak3,172.17.0.3,4.199439287185669,1,"248_E=log,T=1000,a=0.9000,c=4,tau=0.8000",0.9,0,4,0.8,log,1000,normal,hete,federated,0.25,10,100,2025
0.66,0.15131692438333946,1746066343,,True,1,2025-05-01_02-25-43,1.592374324798584,1.592374324798584,2700601,qMxak3,172.17.0.3,1.592374324798584,1,"249_E=1,T=1000,a=0.9900,c=4,tau=0.8000",0.99,0,4,0.8,1,1000,normal,hete,federated,0.25,10,100,2025
0.87,0.045170709792842094,1746066344,,True,1,2025-05-01_02-25-44,3.441362142562866,3.441362142562866,2699876,qMxak3,172.17.0.3,3.441362142562866,1,"247_E=5,T=1000,a=0.9000,c=4,tau=0.8000",0.9,0,4,0.8,5,1000,normal,hete,federated,0.25,10,100,2025
1.0,0.05182910535506474,1746066348,,True,1,2025-05-01_02-25-48,0.4190177917480469,0.4190177917480469,2707406,qMxak3,172.17.0.3,0.4190177917480469,1,"252_E=1,T=1000,a=0.5100,c=5,tau=0.8000",0.51,0,5,0.8,1,1000,normal,hete,federated,0.25,10,100,2025
0.98,0.13534780521607426,1746066348,,True,1,2025-05-01_02-25-48,1.8896875381469727,1.8896875381469727,2702111,qMxak3,172.17.0.3,1.8896875381469727,1,"251_E=log,T=1000,a=0.9900,c=4,tau=0.8000",0.99,0,4,0.8,log,1000,normal,hete,federated,0.25,10,100,2025
1.0,0.03022445600606241,1746066350,,True,1,2025-05-01_02-25-50,1.1399645805358887,1.1399645805358887,2707485,qMxak3,172.17.0.3,1.1399645805358887,1,"253_E=5,T=1000,a=0.5100,c=5,tau=0.8000",0.51,0,5,0.8,5,1000,normal,hete,federated,0.25,10,100,2025
0.99,0.06471431507420973,1746066351,,True,1,2025-05-01_02-25-51,1.1621243953704834,1.1621243953704834,2707563,qMxak3,172.17.0.3,1.1621243953704834,1,"255_E=1,T=1000,a=0.6000,c=5,tau=0.8000",0.6,0,5,0.8,1,1000,normal,hete,federated,0.25,10,100,2025
1.0,0.019320948685269103,1746066353,,True,1,2025-05-01_02-25-53,2.7605063915252686,2.7605063915252686,2707535,qMxak3,172.17.0.3,2.7605063915252686,1,"254_E=log,T=1000,a=0.5100,c=5,tau=0.8000",0.51,0,5,0.8,log,1000,normal,hete,federated,0.25,10,100,2025
1.0,0.01986830739230017,1746066356,,True,1,2025-05-01_02-25-56,2.470646381378174,2.470646381378174,2708452,qMxak3,172.17.0.3,2.470646381378174,1,"257_E=log,T=1000,a=0.6000,c=5,tau=0.8000",0.6,0,5,0.8,log,1000,normal,hete,federated,0.25,10,100,2025
0.99,0.030768399254710442,1746066355,,True,1,2025-05-01_02-25-55,2.407532215118408,2.407532215118408,2708403,qMxak3,172.17.0.3,2.407532215118408,1,"256_E=5,T=1000,a=0.6000,c=5,tau=0.8000",0.6,0,5,0.8,5,1000,normal,hete,federated,0.25,10,100,2025
0.97,0.08307607311067827,1746066356,,True,1,2025-05-01_02-25-56,1.0425331592559814,1.0425331592559814,2711467,qMxak3,172.17.0.3,1.0425331592559814,1,"258_E=1,T=1000,a=0.7000,c=5,tau=0.8000",0.7,0,5,0.8,1,1000,normal,hete,federated,0.25,10,100,2025
1.0,0.05090877556710918,1746066371,,True,1,2025-05-01_02-26-11,2.785698890686035,2.785698890686035,2719864,qMxak3,172.17.0.3,2.785698890686035,1,"266_E=log,T=1000,a=0.9000,c=5,tau=0.8000",0.9,0,5,0.8,log,1000,normal,hete,federated,0.25,10,100,2025
0.69,0.09232929790004415,1746066361,,True,1,2025-05-01_02-26-01,1.8119375705718994,1.8119375705718994,2714499,qMxak3,172.17.0.3,1.8119375705718994,1,"261_E=1,T=1000,a=0.8000,c=5,tau=0.8000",0.8,0,5,0.8,1,1000,normal,hete,federated,0.25,10,100,2025
1.0,0.020316394356519246,1746066366,,True,1,2025-05-01_02-26-06,2.2072837352752686,2.2072837352752686,2717032,qMxak3,172.17.0.3,2.2072837352752686,1,"263_E=log,T=1000,a=0.8000,c=5,tau=0.8000",0.8,0,5,0.8,log,1000,normal,hete,federated,0.25,10,100,2025
0.97,0.028237396762538086,1746066364,,True,1,2025-05-01_02-26-04,1.3395605087280273,1.3395605087280273,2717155,qMxak3,172.17.0.3,1.3395605087280273,1,"262_E=5,T=1000,a=0.8000,c=5,tau=0.8000",0.8,0,5,0.8,5,1000,normal,hete,federated,0.25,10,100,2025
0.77,0.09226154806153355,1746066366,,True,1,2025-05-01_02-26-06,1.3373324871063232,1.3373324871063232,2718933,qMxak3,172.17.0.3,1.3373324871063232,1,"264_E=1,T=1000,a=0.9000,c=5,tau=0.8000",0.9,0,5,0.8,1,1000,normal,hete,federated,0.25,10,100,2025
0.98,0.031086895523810908,1746066361,,True,1,2025-05-01_02-26-01,2.7231929302215576,2.7231929302215576,2714455,qMxak3,172.17.0.3,2.7231929302215576,1,"259_E=5,T=1000,a=0.7000,c=5,tau=0.8000",0.7,0,5,0.8,5,1000,normal,hete,federated,0.25,10,100,2025
1.0,0.016158786423433096,1746066362,,True,1,2025-05-01_02-26-02,3.5251827239990234,3.5251827239990234,2714492,qMxak3,172.17.0.3,3.5251827239990234,1,"260_E=log,T=1000,a=0.7000,c=5,tau=0.8000",0.7,0,5,0.8,log,1000,normal,hete,federated,0.25,10,100,2025
0.94,0.032557612923646256,1746066370,,True,1,2025-05-01_02-26-10,2.4692394733428955,2.4692394733428955,2719306,qMxak3,172.17.0.3,2.4692394733428955,1,"265_E=5,T=1000,a=0.9000,c=5,tau=0.8000",0.9,0,5,0.8,5,1000,normal,hete,federated,0.25,10,100,2025
0.84,0.045863215831140385,1746066374,,True,1,2025-05-01_02-26-14,2.4734582901000977,2.4734582901000977,2724065,qMxak3,172.17.0.3,2.4734582901000977,1,"268_E=5,T=1000,a=0.9900,c=5,tau=0.8000",0.99,0,5,0.8,5,1000,normal,hete,federated,0.25,10,100,2025
1.0,0.09206206334710723,1746066375,,True,1,2025-05-01_02-26-15,3.1574201583862305,3.1574201583862305,2724267,qMxak3,172.17.0.3,3.1574201583862305,1,"269_E=log,T=1000,a=0.9900,c=5,tau=0.8000",0.99,0,5,0.8,log,1000,normal,hete,federated,0.25,10,100,2025
0.81,0.1073807029145552,1746066370,,True,1,2025-05-01_02-26-10,1.6983933448791504,1.6983933448791504,2719967,qMxak3,172.17.0.3,1.6983933448791504,1,"267_E=1,T=1000,a=0.9900,c=5,tau=0.8000",0.99,0,5,0.8,1,1000,normal,hete,federated,0.25,10,100,2025
